id,profile_history,responses,profile_score,depth_score,consistency_score,progression_score,label
0,"[{'timestamp': '2020-01', 'skills': ['Kafka']}, {'timestamp': '2020-12', 'skills': ['Kafka', 'Kubernetes']}, {'timestamp': '2021-12', 'skills': ['Machine Learning', 'Python', 'Docker', 'Deep Learning', 'NLP']}]","[{'detail': 0.365, 'tag': 'proj_2'}, {'detail': 0.238, 'tag': 'proj_5'}, {'detail': 0.371, 'tag': 'proj_4'}]",0.6,0.325,0.3,0.3,1
1,"[{'timestamp': '2020-01', 'skills': ['Kafka']}, {'timestamp': '2020-12', 'skills': ['Kafka', 'Kubernetes']}, {'timestamp': '2021-12', 'skills': ['Kafka', 'Kubernetes', 'SQL']}]","[{'detail': 0.838, 'tag': 'proj_2'}, {'detail': 0.76, 'tag': 'proj_2'}, {'detail': 0.803, 'tag': 'proj_2'}]",0.333,0.8,1.0,0.3,0
2,"[{'timestamp': '2020-01', 'skills': ['Python']}, {'timestamp': '2020-12', 'skills': ['Python', 'NLP']}, {'timestamp': '2021-12', 'skills': ['Python', 'NLP', 'Docker']}]","[{'detail': 0.745, 'tag': 'proj_3'}, {'detail': 0.75, 'tag': 'proj_3'}, {'detail': 0.859, 'tag': 'proj_3'}]",0.333,0.785,1.0,1.0,0
3,"[{'timestamp': '2020-01', 'skills': ['AWS']}, {'timestamp': '2020-12', 'skills': ['AWS', 'Spark']}, {'timestamp': '2021-12', 'skills': ['AWS', 'Machine Learning', 'Python', 'Docker', 'Deep Learning', 'Kubernetes', 'NLP']}]","[{'detail': 0.332, 'tag': 'proj_5'}, {'detail': 0.444, 'tag': 'proj_1'}, {'detail': 0.407, 'tag': 'proj_5'}]",0.714,0.394,0.3,0.3,1
4,"[{'timestamp': '2020-01', 'skills': ['Kafka']}, {'timestamp': '2020-12', 'skills': ['Kafka']}, {'timestamp': '2021-12', 'skills': ['Kafka', 'AWS']}]","[{'detail': 0.522, 'tag': 'proj_1'}, {'detail': 0.654, 'tag': 'proj_1'}, {'detail': 0.741, 'tag': 'proj_1'}]",0.5,0.639,1.0,1.0,0
5,"[{'timestamp': '2020-01', 'skills': ['Python']}, {'timestamp': '2020-12', 'skills': ['Python', 'AWS']}, {'timestamp': '2021-12', 'skills': ['AWS', 'Machine Learning', 'Python', 'Docker', 'Deep Learning', 'Kubernetes', 'NLP']}]","[{'detail': 0.283, 'tag': 'proj_3'}, {'detail': 0.362, 'tag': 'proj_1'}, {'detail': 0.392, 'tag': 'proj_5'}]",0.714,0.346,0.3,1.0,1
6,"[{'timestamp': '2020-01', 'skills': ['Docker']}, {'timestamp': '2020-12', 'skills': ['Docker', 'Machine Learning']}, {'timestamp': '2021-12', 'skills': ['Machine Learning', 'Python', 'Docker', 'Deep Learning', 'Kubernetes', 'NLP']}]","[{'detail': 0.49, 'tag': 'proj_2'}, {'detail': 0.339, 'tag': 'proj_3'}, {'detail': 0.482, 'tag': 'proj_2'}]",0.667,0.437,0.3,0.3,1
7,"[{'timestamp': '2020-01', 'skills': ['AWS']}, {'timestamp': '2020-12', 'skills': ['AWS', 'Spark']}, {'timestamp': '2021-12', 'skills': ['Machine Learning', 'Python', 'Docker', 'Deep Learning', 'Kubernetes', 'NLP']}]","[{'detail': 0.32, 'tag': 'proj_2'}, {'detail': 0.288, 'tag': 'proj_1'}, {'detail': 0.311, 'tag': 'proj_2'}]",0.667,0.306,0.3,0.3,1
8,"[{'timestamp': '2020-01', 'skills': ['Docker']}, {'timestamp': '2020-12', 'skills': ['Docker', 'Docker']}, {'timestamp': '2021-12', 'skills': ['AWS', 'Machine Learning', 'Python', 'Docker', 'Deep Learning', 'Kubernetes', 'NLP']}]","[{'detail': 0.437, 'tag': 'proj_4'}, {'detail': 0.42, 'tag': 'proj_2'}, {'detail': 0.485, 'tag': 'proj_1'}]",0.714,0.447,0.3,0.3,1
9,"[{'timestamp': '2020-01', 'skills': ['Python']}, {'timestamp': '2020-12', 'skills': ['Python']}, {'timestamp': '2021-12', 'skills': ['Python', 'SQL']}]","[{'detail': 0.624, 'tag': 'proj_2'}, {'detail': 0.867, 'tag': 'proj_2'}, {'detail': 0.743, 'tag': 'proj_2'}]",0.5,0.745,1.0,0.3,0
10,"[{'timestamp': '2020-01', 'skills': ['Kubernetes']}, {'timestamp': '2020-12', 'skills': ['Kubernetes', 'SQL']}, {'timestamp': '2021-12', 'skills': ['Kubernetes', 'SQL']}]","[{'detail': 0.653, 'tag': 'proj_3'}, {'detail': 0.628, 'tag': 'proj_3'}, {'detail': 0.707, 'tag': 'proj_3'}]",0.5,0.663,1.0,0.3,0
11,"[{'timestamp': '2020-01', 'skills': ['NLP']}, {'timestamp': '2020-12', 'skills': ['NLP', 'Deep Learning']}, {'timestamp': '2021-12', 'skills': ['NLP', 'Deep Learning', 'Docker']}]","[{'detail': 0.556, 'tag': 'proj_3'}, {'detail': 0.879, 'tag': 'proj_3'}, {'detail': 0.854, 'tag': 'proj_3'}]",0.333,0.763,1.0,0.3,0
12,"[{'timestamp': '2020-01', 'skills': ['NLP']}, {'timestamp': '2020-12', 'skills': ['NLP', 'SQL']}, {'timestamp': '2021-12', 'skills': ['NLP', 'SQL']}]","[{'detail': 0.894, 'tag': 'proj_2'}, {'detail': 0.628, 'tag': 'proj_2'}, {'detail': 0.851, 'tag': 'proj_2'}]",0.5,0.791,1.0,0.3,0
13,"[{'timestamp': '2020-01', 'skills': ['Machine Learning']}, {'timestamp': '2020-12', 'skills': ['Machine Learning', 'SQL']}, {'timestamp': '2021-12', 'skills': ['Machine Learning', 'SQL', 'Kubernetes']}]","[{'detail': 0.75, 'tag': 'proj_1'}, {'detail': 0.73, 'tag': 'proj_1'}, {'detail': 0.789, 'tag': 'proj_1'}]",0.333,0.756,1.0,0.3,0
14,"[{'timestamp': '2020-01', 'skills': ['Deep Learning']}, {'timestamp': '2020-12', 'skills': ['Deep Learning', 'Spark']}, {'timestamp': '2021-12', 'skills': ['AWS', 'Machine Learning', 'Python', 'Docker', 'Deep Learning', 'Kubernetes', 'NLP']}]","[{'detail': 0.486, 'tag': 'proj_1'}, {'detail': 0.266, 'tag': 'proj_2'}, {'detail': 0.282, 'tag': 'proj_5'}]",0.714,0.345,0.3,0.3,1
15,"[{'timestamp': '2020-01', 'skills': ['Machine Learning']}, {'timestamp': '2020-12', 'skills': ['Machine Learning', 'Kubernetes']}, {'timestamp': '2021-12', 'skills': ['AWS', 'Machine Learning', 'Python', 'Docker', 'Deep Learning', 'Kubernetes', 'NLP']}]","[{'detail': 0.263, 'tag': 'proj_4'}, {'detail': 0.359, 'tag': 'proj_2'}, {'detail': 0.341, 'tag': 'proj_5'}]",0.714,0.321,0.3,0.3,1
16,"[{'timestamp': '2020-01', 'skills': ['Machine Learning']}, {'timestamp': '2020-12', 'skills': ['Machine Learning', 'Deep Learning']}, {'timestamp': '2021-12', 'skills': ['Machine Learning', 'Python', 'Docker', 'Deep Learning', 'NLP']}]","[{'detail': 0.358, 'tag': 'proj_2'}, {'detail': 0.217, 'tag': 'proj_3'}, {'detail': 0.33, 'tag': 'proj_4'}]",0.6,0.302,0.3,0.3,1
17,"[{'timestamp': '2020-01', 'skills': ['Kubernetes']}, {'timestamp': '2020-12', 'skills': ['Kubernetes', 'Spark']}, {'timestamp': '2021-12', 'skills': ['Machine Learning', 'Python', 'Docker', 'Deep Learning', 'NLP']}]","[{'detail': 0.29, 'tag': 'proj_5'}, {'detail': 0.454, 'tag': 'proj_2'}, {'detail': 0.235, 'tag': 'proj_2'}]",0.6,0.326,0.3,0.3,1
18,"[{'timestamp': '2020-01', 'skills': ['Machine Learning']}, {'timestamp': '2020-12', 'skills': ['Machine Learning', 'Docker']}, {'timestamp': '2021-12', 'skills': ['Machine Learning', 'Python', 'Docker', 'Deep Learning', 'NLP']}]","[{'detail': 0.3, 'tag': 'proj_5'}, {'detail': 0.39, 'tag': 'proj_2'}, {'detail': 0.334, 'tag': 'proj_2'}]",0.6,0.341,0.3,0.3,1
19,"[{'timestamp': '2020-01', 'skills': ['Docker']}, {'timestamp': '2020-12', 'skills': ['Docker', 'Python']}, {'timestamp': '2021-12', 'skills': ['Docker', 'Python']}]","[{'detail': 0.796, 'tag': 'proj_3'}, {'detail': 0.861, 'tag': 'proj_3'}, {'detail': 0.762, 'tag': 'proj_3'}]",0.5,0.806,1.0,0.3,0
20,"[{'timestamp': '2020-01', 'skills': ['Python']}, {'timestamp': '2020-12', 'skills': ['Python', 'Kafka']}, {'timestamp': '2021-12', 'skills': ['AWS', 'Machine Learning', 'Python', 'Docker', 'Deep Learning', 'Kubernetes', 'NLP']}]","[{'detail': 0.387, 'tag': 'proj_4'}, {'detail': 0.344, 'tag': 'proj_4'}, {'detail': 0.403, 'tag': 'proj_4'}]",0.714,0.378,1.0,0.3,1
21,"[{'timestamp': '2020-01', 'skills': ['Machine Learning']}, {'timestamp': '2020-12', 'skills': ['Machine Learning', 'Spark']}, {'timestamp': '2021-12', 'skills': ['Machine Learning', 'Python', 'Docker', 'Deep Learning', 'Kubernetes', 'NLP']}]","[{'detail': 0.363, 'tag': 'proj_2'}, {'detail': 0.341, 'tag': 'proj_2'}, {'detail': 0.334, 'tag': 'proj_4'}]",0.667,0.346,0.3,0.3,1
22,"[{'timestamp': '2020-01', 'skills': ['SQL']}, {'timestamp': '2020-12', 'skills': ['SQL', 'AWS']}, {'timestamp': '2021-12', 'skills': ['SQL', 'AWS', 'Kubernetes']}]","[{'detail': 0.695, 'tag': 'proj_2'}, {'detail': 0.856, 'tag': 'proj_2'}, {'detail': 0.707, 'tag': 'proj_2'}]",0.333,0.753,1.0,0.3,0
23,"[{'timestamp': '2020-01', 'skills': ['Machine Learning']}, {'timestamp': '2020-12', 'skills': ['Machine Learning', 'SQL']}, {'timestamp': '2021-12', 'skills': ['Machine Learning', 'SQL', 'AWS']}]","[{'detail': 0.721, 'tag': 'proj_2'}, {'detail': 0.757, 'tag': 'proj_2'}, {'detail': 0.704, 'tag': 'proj_2'}]",0.333,0.727,1.0,0.3,0
24,"[{'timestamp': '2020-01', 'skills': ['Kafka']}, {'timestamp': '2020-12', 'skills': ['Kafka', 'SQL']}, {'timestamp': '2021-12', 'skills': ['Kafka', 'SQL', 'Spark']}]","[{'detail': 0.869, 'tag': 'proj_3'}, {'detail': 0.88, 'tag': 'proj_3'}, {'detail': 0.727, 'tag': 'proj_3'}]",0.333,0.825,1.0,0.3,0
25,"[{'timestamp': '2020-01', 'skills': ['SQL']}, {'timestamp': '2020-12', 'skills': ['SQL', 'Kubernetes']}, {'timestamp': '2021-12', 'skills': ['SQL', 'Kubernetes', 'Spark']}]","[{'detail': 0.595, 'tag': 'proj_2'}, {'detail': 0.843, 'tag': 'proj_2'}, {'detail': 0.7, 'tag': 'proj_2'}]",0.333,0.713,1.0,0.3,0
26,"[{'timestamp': '2020-01', 'skills': ['Deep Learning']}, {'timestamp': '2020-12', 'skills': ['Deep Learning', 'SQL']}, {'timestamp': '2021-12', 'skills': ['AWS', 'Machine Learning', 'Python', 'Docker', 'Deep Learning', 'Kubernetes', 'NLP']}]","[{'detail': 0.431, 'tag': 'proj_3'}, {'detail': 0.276, 'tag': 'proj_3'}, {'detail': 0.418, 'tag': 'proj_3'}]",0.714,0.375,1.0,0.3,1
27,"[{'timestamp': '2020-01', 'skills': ['Kubernetes']}, {'timestamp': '2020-12', 'skills': ['Kubernetes', 'Docker']}, {'timestamp': '2021-12', 'skills': ['Kubernetes', 'Docker', 'Deep Learning']}]","[{'detail': 0.614, 'tag': 'proj_1'}, {'detail': 0.614, 'tag': 'proj_1'}, {'detail': 0.843, 'tag': 'proj_1'}]",0.333,0.69,1.0,1.0,0
28,"[{'timestamp': '2020-01', 'skills': ['SQL']}, {'timestamp': '2020-12', 'skills': ['SQL', 'Kubernetes']}, {'timestamp': '2021-12', 'skills': ['AWS', 'Machine Learning', 'Python', 'Docker', 'Deep Learning', 'SQL', 'Kubernetes', 'NLP']}]","[{'detail': 0.426, 'tag': 'proj_2'}, {'detail': 0.382, 'tag': 'proj_3'}, {'detail': 0.497, 'tag': 'proj_1'}]",0.75,0.435,0.3,0.3,1
29,"[{'timestamp': '2020-01', 'skills': ['Docker']}, {'timestamp': '2020-12', 'skills': ['Docker', 'NLP']}, {'timestamp': '2021-12', 'skills': ['Docker', 'NLP']}]","[{'detail': 0.761, 'tag': 'proj_3'}, {'detail': 0.869, 'tag': 'proj_3'}, {'detail': 0.793, 'tag': 'proj_3'}]",0.5,0.808,1.0,0.3,0
30,"[{'timestamp': '2020-01', 'skills': ['AWS']}, {'timestamp': '2020-12', 'skills': ['AWS', 'Spark']}, {'timestamp': '2021-12', 'skills': ['Machine Learning', 'Python', 'Docker', 'Deep Learning', 'NLP']}]","[{'detail': 0.5, 'tag': 'proj_4'}, {'detail': 0.424, 'tag': 'proj_1'}, {'detail': 0.212, 'tag': 'proj_1'}]",0.6,0.379,0.3,0.3,1
31,"[{'timestamp': '2020-01', 'skills': ['AWS']}, {'timestamp': '2020-12', 'skills': ['AWS', 'Python']}, {'timestamp': '2021-12', 'skills': ['AWS', 'Machine Learning', 'Python', 'Docker', 'Deep Learning', 'SQL', 'Kubernetes', 'NLP']}]","[{'detail': 0.263, 'tag': 'proj_2'}, {'detail': 0.331, 'tag': 'proj_5'}, {'detail': 0.274, 'tag': 'proj_2'}]",0.75,0.289,0.3,0.3,1
32,"[{'timestamp': '2020-01', 'skills': ['NLP']}, {'timestamp': '2020-12', 'skills': ['NLP', 'SQL']}, {'timestamp': '2021-12', 'skills': ['Machine Learning', 'Python', 'Docker', 'Deep Learning', 'Kubernetes', 'NLP']}]","[{'detail': 0.489, 'tag': 'proj_1'}, {'detail': 0.308, 'tag': 'proj_3'}, {'detail': 0.433, 'tag': 'proj_3'}]",0.667,0.41,0.3,0.3,1
33,"[{'timestamp': '2020-01', 'skills': ['Docker']}, {'timestamp': '2020-12', 'skills': ['Docker', 'Kubernetes']}, {'timestamp': '2021-12', 'skills': ['Docker', 'Kubernetes', 'NLP']}]","[{'detail': 0.706, 'tag': 'proj_1'}, {'detail': 0.88, 'tag': 'proj_1'}, {'detail': 0.794, 'tag': 'proj_1'}]",0.333,0.793,1.0,0.3,0
34,"[{'timestamp': '2020-01', 'skills': ['Docker']}, {'timestamp': '2020-12', 'skills': ['Docker', 'Kubernetes']}, {'timestamp': '2021-12', 'skills': ['Docker', 'Kubernetes', 'AWS']}]","[{'detail': 0.687, 'tag': 'proj_3'}, {'detail': 0.686, 'tag': 'proj_3'}, {'detail': 0.731, 'tag': 'proj_3'}]",0.333,0.701,1.0,0.3,0
35,"[{'timestamp': '2020-01', 'skills': ['Spark']}, {'timestamp': '2020-12', 'skills': ['Spark', 'Deep Learning']}, {'timestamp': '2021-12', 'skills': ['Machine Learning', 'Python', 'Docker', 'Deep Learning', 'NLP']}]","[{'detail': 0.473, 'tag': 'proj_4'}, {'detail': 0.23, 'tag': 'proj_5'}, {'detail': 0.286, 'tag': 'proj_2'}]",0.6,0.33,0.3,0.3,1
36,"[{'timestamp': '2020-01', 'skills': ['Kubernetes']}, {'timestamp': '2020-12', 'skills': ['Kubernetes', 'Spark']}, {'timestamp': '2021-12', 'skills': ['Kubernetes', 'Spark', 'AWS']}]","[{'detail': 0.526, 'tag': 'proj_1'}, {'detail': 0.658, 'tag': 'proj_1'}, {'detail': 0.702, 'tag': 'proj_1'}]",0.333,0.629,1.0,1.0,0
37,"[{'timestamp': '2020-01', 'skills': ['Python']}, {'timestamp': '2020-12', 'skills': ['Python', 'AWS']}, {'timestamp': '2021-12', 'skills': ['Python', 'AWS', 'SQL']}]","[{'detail': 0.795, 'tag': 'proj_2'}, {'detail': 0.623, 'tag': 'proj_2'}, {'detail': 0.723, 'tag': 'proj_2'}]",0.333,0.714,1.0,0.3,0
38,"[{'timestamp': '2020-01', 'skills': ['Spark']}, {'timestamp': '2020-12', 'skills': ['Spark', 'AWS']}, {'timestamp': '2021-12', 'skills': ['Spark', 'AWS', 'Docker']}]","[{'detail': 0.722, 'tag': 'proj_3'}, {'detail': 0.883, 'tag': 'proj_3'}, {'detail': 0.753, 'tag': 'proj_3'}]",0.333,0.786,1.0,0.3,0
39,"[{'timestamp': '2020-01', 'skills': ['AWS']}, {'timestamp': '2020-12', 'skills': ['AWS', 'AWS']}, {'timestamp': '2021-12', 'skills': ['AWS', 'Machine Learning', 'Python', 'Docker', 'Deep Learning', 'SQL', 'Kubernetes', 'NLP']}]","[{'detail': 0.277, 'tag': 'proj_5'}, {'detail': 0.338, 'tag': 'proj_3'}, {'detail': 0.361, 'tag': 'proj_2'}]",0.75,0.325,0.3,1.0,1
40,"[{'timestamp': '2020-01', 'skills': ['Spark']}, {'timestamp': '2020-12', 'skills': ['Spark', 'Machine Learning']}, {'timestamp': '2021-12', 'skills': ['AWS', 'Machine Learning', 'Python', 'Docker', 'Deep Learning', 'Kubernetes', 'NLP']}]","[{'detail': 0.5, 'tag': 'proj_2'}, {'detail': 0.36, 'tag': 'proj_2'}, {'detail': 0.247, 'tag': 'proj_5'}]",0.714,0.369,0.3,0.3,1
41,"[{'timestamp': '2020-01', 'skills': ['Kafka']}, {'timestamp': '2020-12', 'skills': ['Kafka', 'Deep Learning']}, {'timestamp': '2021-12', 'skills': ['Machine Learning', 'Python', 'Docker', 'Deep Learning', 'NLP']}]","[{'detail': 0.217, 'tag': 'proj_1'}, {'detail': 0.301, 'tag': 'proj_3'}, {'detail': 0.222, 'tag': 'proj_1'}]",0.6,0.247,0.3,0.3,1
42,"[{'timestamp': '2020-01', 'skills': ['SQL']}, {'timestamp': '2020-12', 'skills': ['SQL', 'Deep Learning']}, {'timestamp': '2021-12', 'skills': ['Machine Learning', 'Python', 'Docker', 'Deep Learning', 'NLP']}]","[{'detail': 0.346, 'tag': 'proj_2'}, {'detail': 0.351, 'tag': 'proj_3'}, {'detail': 0.349, 'tag': 'proj_3'}]",0.6,0.349,0.3,0.3,1
43,"[{'timestamp': '2020-01', 'skills': ['NLP']}, {'timestamp': '2020-12', 'skills': ['NLP', 'AWS']}, {'timestamp': '2021-12', 'skills': ['Machine Learning', 'Python', 'Docker', 'Deep Learning', 'NLP']}]","[{'detail': 0.355, 'tag': 'proj_1'}, {'detail': 0.328, 'tag': 'proj_1'}, {'detail': 0.431, 'tag': 'proj_3'}]",0.6,0.371,0.3,0.3,1
44,"[{'timestamp': '2020-01', 'skills': ['NLP']}, {'timestamp': '2020-12', 'skills': ['NLP', 'Python']}, {'timestamp': '2021-12', 'skills': ['Machine Learning', 'Python', 'Docker', 'Deep Learning', 'Kubernetes', 'NLP']}]","[{'detail': 0.435, 'tag': 'proj_5'}, {'detail': 0.41, 'tag': 'proj_5'}, {'detail': 0.483, 'tag': 'proj_5'}]",0.667,0.443,1.0,0.3,1
45,"[{'timestamp': '2020-01', 'skills': ['Python']}, {'timestamp': '2020-12', 'skills': ['Python', 'Kubernetes']}, {'timestamp': '2021-12', 'skills': ['AWS', 'Machine Learning', 'Python', 'Docker', 'Deep Learning', 'SQL', 'Kubernetes', 'NLP']}]","[{'detail': 0.293, 'tag': 'proj_3'}, {'detail': 0.365, 'tag': 'proj_4'}, {'detail': 0.212, 'tag': 'proj_2'}]",0.75,0.29,0.3,0.3,1
46,"[{'timestamp': '2020-01', 'skills': ['AWS']}, {'timestamp': '2020-12', 'skills': ['AWS', 'Kubernetes']}, {'timestamp': '2021-12', 'skills': ['Machine Learning', 'Python', 'Docker', 'Deep Learning', 'Kubernetes', 'NLP']}]","[{'detail': 0.417, 'tag': 'proj_3'}, {'detail': 0.205, 'tag': 'proj_2'}, {'detail': 0.308, 'tag': 'proj_4'}]",0.667,0.31,0.3,0.3,1
47,"[{'timestamp': '2020-01', 'skills': ['Python']}, {'timestamp': '2020-12', 'skills': ['Python', 'Python']}, {'timestamp': '2021-12', 'skills': ['AWS', 'Machine Learning', 'Python', 'Docker', 'Deep Learning', 'SQL', 'Kubernetes', 'NLP']}]","[{'detail': 0.467, 'tag': 'proj_1'}, {'detail': 0.337, 'tag': 'proj_3'}, {'detail': 0.476, 'tag': 'proj_4'}]",0.75,0.427,0.3,0.3,1
48,"[{'timestamp': '2020-01', 'skills': ['Docker']}, {'timestamp': '2020-12', 'skills': ['Docker', 'Kafka']}, {'timestamp': '2021-12', 'skills': ['Docker', 'Kafka', 'Spark']}]","[{'detail': 0.691, 'tag': 'proj_1'}, {'detail': 0.769, 'tag': 'proj_1'}, {'detail': 0.895, 'tag': 'proj_1'}]",0.333,0.785,1.0,1.0,0
49,"[{'timestamp': '2020-01', 'skills': ['Python']}, {'timestamp': '2020-12', 'skills': ['Python', 'NLP']}, {'timestamp': '2021-12', 'skills': ['Python', 'NLP', 'AWS']}]","[{'detail': 0.752, 'tag': 'proj_3'}, {'detail': 0.769, 'tag': 'proj_3'}, {'detail': 0.855, 'tag': 'proj_3'}]",0.333,0.792,1.0,1.0,0
50,"[{'timestamp': '2020-01', 'skills': ['Machine Learning']}, {'timestamp': '2020-12', 'skills': ['Machine Learning', 'SQL']}, {'timestamp': '2021-12', 'skills': ['Machine Learning', 'SQL', 'AWS']}]","[{'detail': 0.749, 'tag': 'proj_3'}, {'detail': 0.692, 'tag': 'proj_3'}, {'detail': 0.89, 'tag': 'proj_3'}]",0.333,0.777,1.0,0.3,0
51,"[{'timestamp': '2020-01', 'skills': ['Deep Learning']}, {'timestamp': '2020-12', 'skills': ['Deep Learning', 'AWS']}, {'timestamp': '2021-12', 'skills': ['AWS', 'Machine Learning', 'Python', 'Docker', 'Deep Learning', 'SQL', 'Kubernetes', 'NLP']}]","[{'detail': 0.279, 'tag': 'proj_3'}, {'detail': 0.209, 'tag': 'proj_3'}, {'detail': 0.306, 'tag': 'proj_5'}]",0.75,0.265,0.3,0.3,1
52,"[{'timestamp': '2020-01', 'skills': ['Spark']}, {'timestamp': '2020-12', 'skills': ['Spark', 'Python']}, {'timestamp': '2021-12', 'skills': ['Spark', 'Python', 'SQL']}]","[{'detail': 0.502, 'tag': 'proj_1'}, {'detail': 0.851, 'tag': 'proj_1'}, {'detail': 0.897, 'tag': 'proj_1'}]",0.333,0.75,1.0,1.0,0
53,"[{'timestamp': '2020-01', 'skills': ['Machine Learning']}, {'timestamp': '2020-12', 'skills': ['Machine Learning', 'NLP']}, {'timestamp': '2021-12', 'skills': ['Machine Learning', 'NLP']}]","[{'detail': 0.897, 'tag': 'proj_3'}, {'detail': 0.862, 'tag': 'proj_3'}, {'detail': 0.804, 'tag': 'proj_3'}]",0.5,0.854,1.0,0.3,0
54,"[{'timestamp': '2020-01', 'skills': ['Docker']}, {'timestamp': '2020-12', 'skills': ['Docker', 'Kubernetes']}, {'timestamp': '2021-12', 'skills': ['Machine Learning', 'Python', 'Docker', 'Deep Learning', 'Kubernetes', 'NLP']}]","[{'detail': 0.232, 'tag': 'proj_2'}, {'detail': 0.463, 'tag': 'proj_5'}, {'detail': 0.447, 'tag': 'proj_3'}]",0.667,0.381,0.3,0.3,1
55,"[{'timestamp': '2020-01', 'skills': ['SQL']}, {'timestamp': '2020-12', 'skills': ['SQL', 'Docker']}, {'timestamp': '2021-12', 'skills': ['Machine Learning', 'Python', 'Docker', 'Deep Learning', 'Kubernetes', 'NLP']}]","[{'detail': 0.299, 'tag': 'proj_5'}, {'detail': 0.388, 'tag': 'proj_5'}, {'detail': 0.437, 'tag': 'proj_1'}]",0.667,0.375,0.3,1.0,1
56,"[{'timestamp': '2020-01', 'skills': ['Kafka']}, {'timestamp': '2020-12', 'skills': ['Kafka', 'SQL']}, {'timestamp': '2021-12', 'skills': ['Kafka', 'SQL']}]","[{'detail': 0.854, 'tag': 'proj_2'}, {'detail': 0.795, 'tag': 'proj_2'}, {'detail': 0.821, 'tag': 'proj_2'}]",0.5,0.823,1.0,0.3,0
57,"[{'timestamp': '2020-01', 'skills': ['Docker']}, {'timestamp': '2020-12', 'skills': ['Docker', 'Machine Learning']}, {'timestamp': '2021-12', 'skills': ['AWS', 'Machine Learning', 'Python', 'Docker', 'Deep Learning', 'SQL', 'Kubernetes', 'NLP']}]","[{'detail': 0.473, 'tag': 'proj_4'}, {'detail': 0.354, 'tag': 'proj_4'}, {'detail': 0.452, 'tag': 'proj_2'}]",0.75,0.426,0.3,0.3,1
58,"[{'timestamp': '2020-01', 'skills': ['Kubernetes']}, {'timestamp': '2020-12', 'skills': ['Kubernetes', 'Python']}, {'timestamp': '2021-12', 'skills': ['Kubernetes', 'Python', 'SQL']}]","[{'detail': 0.561, 'tag': 'proj_1'}, {'detail': 0.796, 'tag': 'proj_1'}, {'detail': 0.702, 'tag': 'proj_1'}]",0.333,0.686,1.0,0.3,0
59,"[{'timestamp': '2020-01', 'skills': ['Deep Learning']}, {'timestamp': '2020-12', 'skills': ['Deep Learning', 'NLP']}, {'timestamp': '2021-12', 'skills': ['AWS', 'Machine Learning', 'Python', 'Docker', 'Deep Learning', 'SQL', 'Kubernetes', 'NLP']}]","[{'detail': 0.231, 'tag': 'proj_3'}, {'detail': 0.414, 'tag': 'proj_2'}, {'detail': 0.273, 'tag': 'proj_5'}]",0.75,0.306,0.3,0.3,1
60,"[{'timestamp': '2020-01', 'skills': ['Kafka']}, {'timestamp': '2020-12', 'skills': ['Kafka', 'Kubernetes']}, {'timestamp': '2021-12', 'skills': ['AWS', 'Machine Learning', 'Python', 'Docker', 'Deep Learning', 'Kubernetes', 'NLP']}]","[{'detail': 0.363, 'tag': 'proj_5'}, {'detail': 0.291, 'tag': 'proj_3'}, {'detail': 0.438, 'tag': 'proj_5'}]",0.714,0.364,0.3,0.3,1
61,"[{'timestamp': '2020-01', 'skills': ['Docker']}, {'timestamp': '2020-12', 'skills': ['Docker', 'Docker']}, {'timestamp': '2021-12', 'skills': ['Machine Learning', 'Python', 'Docker', 'Deep Learning', 'Kubernetes', 'NLP']}]","[{'detail': 0.221, 'tag': 'proj_1'}, {'detail': 0.387, 'tag': 'proj_1'}, {'detail': 0.472, 'tag': 'proj_1'}]",0.667,0.36,1.0,1.0,1
62,"[{'timestamp': '2020-01', 'skills': ['Spark']}, {'timestamp': '2020-12', 'skills': ['Spark', 'Kafka']}, {'timestamp': '2021-12', 'skills': ['Machine Learning', 'Python', 'Docker', 'Deep Learning', 'Kubernetes', 'NLP']}]","[{'detail': 0.488, 'tag': 'proj_1'}, {'detail': 0.313, 'tag': 'proj_5'}, {'detail': 0.213, 'tag': 'proj_4'}]",0.667,0.338,0.3,0.3,1
63,"[{'timestamp': '2020-01', 'skills': ['Kubernetes']}, {'timestamp': '2020-12', 'skills': ['Kubernetes', 'NLP']}, {'timestamp': '2021-12', 'skills': ['Machine Learning', 'Python', 'Docker', 'Deep Learning', 'Kubernetes', 'NLP']}]","[{'detail': 0.341, 'tag': 'proj_3'}, {'detail': 0.399, 'tag': 'proj_4'}, {'detail': 0.363, 'tag': 'proj_3'}]",0.667,0.368,0.3,0.3,1
64,"[{'timestamp': '2020-01', 'skills': ['Kafka']}, {'timestamp': '2020-12', 'skills': ['Kafka', 'Python']}, {'timestamp': '2021-12', 'skills': ['Machine Learning', 'Python', 'Docker', 'Deep Learning', 'Kubernetes', 'NLP']}]","[{'detail': 0.313, 'tag': 'proj_5'}, {'detail': 0.292, 'tag': 'proj_5'}, {'detail': 0.461, 'tag': 'proj_3'}]",0.667,0.355,0.3,0.3,1
65,"[{'timestamp': '2020-01', 'skills': ['Docker']}, {'timestamp': '2020-12', 'skills': ['Docker', 'NLP']}, {'timestamp': '2021-12', 'skills': ['Docker', 'NLP', 'Kubernetes']}]","[{'detail': 0.721, 'tag': 'proj_3'}, {'detail': 0.841, 'tag': 'proj_3'}, {'detail': 0.775, 'tag': 'proj_3'}]",0.333,0.779,1.0,0.3,0
66,"[{'timestamp': '2020-01', 'skills': ['NLP']}, {'timestamp': '2020-12', 'skills': ['NLP', 'AWS']}, {'timestamp': '2021-12', 'skills': ['AWS', 'Machine Learning', 'Python', 'Docker', 'Deep Learning', 'SQL', 'Kubernetes', 'NLP']}]","[{'detail': 0.352, 'tag': 'proj_4'}, {'detail': 0.468, 'tag': 'proj_1'}, {'detail': 0.369, 'tag': 'proj_1'}]",0.75,0.396,0.3,0.3,1
67,"[{'timestamp': '2020-01', 'skills': ['Kafka']}, {'timestamp': '2020-12', 'skills': ['Kafka', 'SQL']}, {'timestamp': '2021-12', 'skills': ['Kafka', 'SQL', 'Deep Learning']}]","[{'detail': 0.865, 'tag': 'proj_3'}, {'detail': 0.769, 'tag': 'proj_3'}, {'detail': 0.809, 'tag': 'proj_3'}]",0.333,0.814,1.0,0.3,0
68,"[{'timestamp': '2020-01', 'skills': ['AWS']}, {'timestamp': '2020-12', 'skills': ['AWS', 'Kafka']}, {'timestamp': '2021-12', 'skills': ['AWS', 'Kafka', 'Python']}]","[{'detail': 0.662, 'tag': 'proj_2'}, {'detail': 0.896, 'tag': 'proj_2'}, {'detail': 0.845, 'tag': 'proj_2'}]",0.333,0.801,1.0,0.3,0
69,"[{'timestamp': '2020-01', 'skills': ['Kubernetes']}, {'timestamp': '2020-12', 'skills': ['Kubernetes', 'Kafka']}, {'timestamp': '2021-12', 'skills': ['Kubernetes', 'Kafka']}]","[{'detail': 0.655, 'tag': 'proj_1'}, {'detail': 0.822, 'tag': 'proj_1'}, {'detail': 0.807, 'tag': 'proj_1'}]",0.5,0.761,1.0,0.3,0
70,"[{'timestamp': '2020-01', 'skills': ['Deep Learning']}, {'timestamp': '2020-12', 'skills': ['Deep Learning', 'Spark']}, {'timestamp': '2021-12', 'skills': ['AWS', 'Machine Learning', 'Python', 'Docker', 'Deep Learning', 'Kubernetes', 'NLP']}]","[{'detail': 0.211, 'tag': 'proj_4'}, {'detail': 0.4, 'tag': 'proj_4'}, {'detail': 0.495, 'tag': 'proj_2'}]",0.714,0.369,0.3,1.0,1
71,"[{'timestamp': '2020-01', 'skills': ['Docker']}, {'timestamp': '2020-12', 'skills': ['Docker', 'Deep Learning']}, {'timestamp': '2021-12', 'skills': ['Docker', 'Deep Learning', 'Python']}]","[{'detail': 0.566, 'tag': 'proj_3'}, {'detail': 0.787, 'tag': 'proj_3'}, {'detail': 0.784, 'tag': 'proj_3'}]",0.333,0.712,1.0,0.3,0
72,"[{'timestamp': '2020-01', 'skills': ['Kubernetes']}, {'timestamp': '2020-12', 'skills': ['Kubernetes', 'Python']}, {'timestamp': '2021-12', 'skills': ['Machine Learning', 'Python', 'Docker', 'Deep Learning', 'NLP']}]","[{'detail': 0.334, 'tag': 'proj_1'}, {'detail': 0.306, 'tag': 'proj_1'}, {'detail': 0.254, 'tag': 'proj_2'}]",0.6,0.298,0.3,0.3,1
73,"[{'timestamp': '2020-01', 'skills': ['SQL']}, {'timestamp': '2020-12', 'skills': ['SQL', 'Spark']}, {'timestamp': '2021-12', 'skills': ['AWS', 'Machine Learning', 'Python', 'Docker', 'Deep Learning', 'SQL', 'Kubernetes', 'NLP']}]","[{'detail': 0.395, 'tag': 'proj_3'}, {'detail': 0.37, 'tag': 'proj_4'}, {'detail': 0.473, 'tag': 'proj_2'}]",0.75,0.413,0.3,0.3,1
74,"[{'timestamp': '2020-01', 'skills': ['AWS']}, {'timestamp': '2020-12', 'skills': ['AWS', 'Python']}, {'timestamp': '2021-12', 'skills': ['AWS', 'Python']}]","[{'detail': 0.557, 'tag': 'proj_3'}, {'detail': 0.731, 'tag': 'proj_3'}, {'detail': 0.763, 'tag': 'proj_3'}]",0.5,0.684,1.0,1.0,0
75,"[{'timestamp': '2020-01', 'skills': ['Docker']}, {'timestamp': '2020-12', 'skills': ['Docker', 'Spark']}, {'timestamp': '2021-12', 'skills': ['Docker', 'Spark', 'SQL']}]","[{'detail': 0.72, 'tag': 'proj_2'}, {'detail': 0.806, 'tag': 'proj_2'}, {'detail': 0.853, 'tag': 'proj_2'}]",0.333,0.793,1.0,1.0,0
76,"[{'timestamp': '2020-01', 'skills': ['AWS']}, {'timestamp': '2020-12', 'skills': ['AWS']}, {'timestamp': '2021-12', 'skills': ['AWS', 'Deep Learning']}]","[{'detail': 0.715, 'tag': 'proj_1'}, {'detail': 0.719, 'tag': 'proj_1'}, {'detail': 0.707, 'tag': 'proj_1'}]",0.5,0.714,1.0,0.3,0
77,"[{'timestamp': '2020-01', 'skills': ['Machine Learning']}, {'timestamp': '2020-12', 'skills': ['Machine Learning', 'Spark']}, {'timestamp': '2021-12', 'skills': ['Machine Learning', 'Spark', 'AWS']}]","[{'detail': 0.644, 'tag': 'proj_3'}, {'detail': 0.853, 'tag': 'proj_3'}, {'detail': 0.75, 'tag': 'proj_3'}]",0.333,0.749,1.0,0.3,0
78,"[{'timestamp': '2020-01', 'skills': ['Docker']}, {'timestamp': '2020-12', 'skills': ['Docker', 'Deep Learning']}, {'timestamp': '2021-12', 'skills': ['Docker', 'Deep Learning']}]","[{'detail': 0.611, 'tag': 'proj_1'}, {'detail': 0.627, 'tag': 'proj_1'}, {'detail': 0.751, 'tag': 'proj_1'}]",0.5,0.663,1.0,1.0,0
79,"[{'timestamp': '2020-01', 'skills': ['NLP']}, {'timestamp': '2020-12', 'skills': ['NLP', 'Kafka']}, {'timestamp': '2021-12', 'skills': ['NLP', 'Kafka', 'SQL']}]","[{'detail': 0.501, 'tag': 'proj_1'}, {'detail': 0.747, 'tag': 'proj_1'}, {'detail': 0.836, 'tag': 'proj_1'}]",0.333,0.695,1.0,1.0,0
80,"[{'timestamp': '2020-01', 'skills': ['SQL']}, {'timestamp': '2020-12', 'skills': ['SQL', 'Kafka']}, {'timestamp': '2021-12', 'skills': ['Machine Learning', 'Python', 'Docker', 'Deep Learning', 'Kubernetes', 'NLP']}]","[{'detail': 0.475, 'tag': 'proj_2'}, {'detail': 0.218, 'tag': 'proj_3'}, {'detail': 0.393, 'tag': 'proj_1'}]",0.667,0.362,0.3,0.3,1
81,"[{'timestamp': '2020-01', 'skills': ['AWS']}, {'timestamp': '2020-12', 'skills': ['AWS', 'Docker']}, {'timestamp': '2021-12', 'skills': ['AWS', 'Docker', 'SQL']}]","[{'detail': 0.659, 'tag': 'proj_1'}, {'detail': 0.643, 'tag': 'proj_1'}, {'detail': 0.799, 'tag': 'proj_1'}]",0.333,0.7,1.0,0.3,0
82,"[{'timestamp': '2020-01', 'skills': ['Spark']}, {'timestamp': '2020-12', 'skills': ['Spark', 'Docker']}, {'timestamp': '2021-12', 'skills': ['Spark', 'Docker', 'NLP']}]","[{'detail': 0.738, 'tag': 'proj_3'}, {'detail': 0.674, 'tag': 'proj_3'}, {'detail': 0.806, 'tag': 'proj_3'}]",0.333,0.739,1.0,0.3,0
83,"[{'timestamp': '2020-01', 'skills': ['Docker']}, {'timestamp': '2020-12', 'skills': ['Docker', 'AWS']}, {'timestamp': '2021-12', 'skills': ['AWS', 'Machine Learning', 'Python', 'Docker', 'Deep Learning', 'SQL', 'Kubernetes', 'NLP']}]","[{'detail': 0.329, 'tag': 'proj_4'}, {'detail': 0.208, 'tag': 'proj_1'}, {'detail': 0.487, 'tag': 'proj_5'}]",0.75,0.341,0.3,0.3,1
84,"[{'timestamp': '2020-01', 'skills': ['Kubernetes']}, {'timestamp': '2020-12', 'skills': ['Kubernetes', 'NLP']}, {'timestamp': '2021-12', 'skills': ['Machine Learning', 'Python', 'Docker', 'Deep Learning', 'Kubernetes', 'NLP']}]","[{'detail': 0.469, 'tag': 'proj_1'}, {'detail': 0.245, 'tag': 'proj_5'}, {'detail': 0.215, 'tag': 'proj_3'}]",0.667,0.31,0.3,0.3,1
85,"[{'timestamp': '2020-01', 'skills': ['Deep Learning']}, {'timestamp': '2020-12', 'skills': ['Deep Learning', 'Docker']}, {'timestamp': '2021-12', 'skills': ['Deep Learning', 'Docker', 'AWS']}]","[{'detail': 0.61, 'tag': 'proj_1'}, {'detail': 0.855, 'tag': 'proj_1'}, {'detail': 0.733, 'tag': 'proj_1'}]",0.333,0.733,1.0,0.3,0
86,"[{'timestamp': '2020-01', 'skills': ['AWS']}, {'timestamp': '2020-12', 'skills': ['AWS', 'AWS']}, {'timestamp': '2021-12', 'skills': ['AWS', 'Machine Learning', 'Python', 'Docker', 'Deep Learning', 'SQL', 'Kubernetes', 'NLP']}]","[{'detail': 0.288, 'tag': 'proj_3'}, {'detail': 0.301, 'tag': 'proj_5'}, {'detail': 0.268, 'tag': 'proj_2'}]",0.75,0.286,0.3,0.3,1
87,"[{'timestamp': '2020-01', 'skills': ['NLP']}, {'timestamp': '2020-12', 'skills': ['NLP', 'SQL']}, {'timestamp': '2021-12', 'skills': ['NLP', 'SQL', 'Deep Learning']}]","[{'detail': 0.581, 'tag': 'proj_3'}, {'detail': 0.78, 'tag': 'proj_3'}, {'detail': 0.735, 'tag': 'proj_3'}]",0.333,0.699,1.0,0.3,0
88,"[{'timestamp': '2020-01', 'skills': ['Kafka']}, {'timestamp': '2020-12', 'skills': ['Kafka', 'Python']}, {'timestamp': '2021-12', 'skills': ['Kafka', 'Python', 'Spark']}]","[{'detail': 0.833, 'tag': 'proj_3'}, {'detail': 0.645, 'tag': 'proj_3'}, {'detail': 0.817, 'tag': 'proj_3'}]",0.333,0.765,1.0,0.3,0
89,"[{'timestamp': '2020-01', 'skills': ['Kubernetes']}, {'timestamp': '2020-12', 'skills': ['Kubernetes', 'Python']}, {'timestamp': '2021-12', 'skills': ['Machine Learning', 'Python', 'Docker', 'Deep Learning', 'NLP']}]","[{'detail': 0.33, 'tag': 'proj_4'}, {'detail': 0.282, 'tag': 'proj_2'}, {'detail': 0.225, 'tag': 'proj_4'}]",0.6,0.279,0.3,0.3,1
90,"[{'timestamp': '2020-01', 'skills': ['Machine Learning']}, {'timestamp': '2020-12', 'skills': ['Machine Learning', 'SQL']}, {'timestamp': '2021-12', 'skills': ['AWS', 'Machine Learning', 'Python', 'Docker', 'Deep Learning', 'Kubernetes', 'NLP']}]","[{'detail': 0.407, 'tag': 'proj_4'}, {'detail': 0.418, 'tag': 'proj_1'}, {'detail': 0.289, 'tag': 'proj_5'}]",0.714,0.371,0.3,0.3,1
91,"[{'timestamp': '2020-01', 'skills': ['Docker']}, {'timestamp': '2020-12', 'skills': ['Docker', 'Docker']}, {'timestamp': '2021-12', 'skills': ['AWS', 'Machine Learning', 'Python', 'Docker', 'Deep Learning', 'Kubernetes', 'NLP']}]","[{'detail': 0.335, 'tag': 'proj_3'}, {'detail': 0.413, 'tag': 'proj_1'}, {'detail': 0.445, 'tag': 'proj_3'}]",0.714,0.398,0.3,1.0,1
92,"[{'timestamp': '2020-01', 'skills': ['Python']}, {'timestamp': '2020-12', 'skills': ['Python', 'Machine Learning']}, {'timestamp': '2021-12', 'skills': ['AWS', 'Machine Learning', 'Python', 'Docker', 'Deep Learning', 'SQL', 'Kubernetes', 'NLP']}]","[{'detail': 0.451, 'tag': 'proj_3'}, {'detail': 0.491, 'tag': 'proj_2'}, {'detail': 0.27, 'tag': 'proj_3'}]",0.75,0.404,0.3,0.3,1
93,"[{'timestamp': '2020-01', 'skills': ['NLP']}, {'timestamp': '2020-12', 'skills': ['NLP', 'Machine Learning']}, {'timestamp': '2021-12', 'skills': ['NLP', 'Machine Learning', 'Spark']}]","[{'detail': 0.596, 'tag': 'proj_2'}, {'detail': 0.826, 'tag': 'proj_2'}, {'detail': 0.753, 'tag': 'proj_2'}]",0.333,0.725,1.0,0.3,0
94,"[{'timestamp': '2020-01', 'skills': ['Machine Learning']}, {'timestamp': '2020-12', 'skills': ['Machine Learning', 'SQL']}, {'timestamp': '2021-12', 'skills': ['AWS', 'Machine Learning', 'Python', 'Docker', 'Deep Learning', 'Kubernetes', 'NLP']}]","[{'detail': 0.266, 'tag': 'proj_3'}, {'detail': 0.447, 'tag': 'proj_1'}, {'detail': 0.332, 'tag': 'proj_1'}]",0.714,0.348,0.3,0.3,1
95,"[{'timestamp': '2020-01', 'skills': ['AWS']}, {'timestamp': '2020-12', 'skills': ['AWS', 'SQL']}, {'timestamp': '2021-12', 'skills': ['AWS', 'Machine Learning', 'Python', 'Docker', 'Deep Learning', 'Kubernetes', 'NLP']}]","[{'detail': 0.428, 'tag': 'proj_2'}, {'detail': 0.287, 'tag': 'proj_5'}, {'detail': 0.286, 'tag': 'proj_2'}]",0.714,0.334,0.3,0.3,1
96,"[{'timestamp': '2020-01', 'skills': ['Deep Learning']}, {'timestamp': '2020-12', 'skills': ['Deep Learning', 'Python']}, {'timestamp': '2021-12', 'skills': ['Machine Learning', 'Python', 'Docker', 'Deep Learning', 'NLP']}]","[{'detail': 0.243, 'tag': 'proj_1'}, {'detail': 0.472, 'tag': 'proj_2'}, {'detail': 0.495, 'tag': 'proj_2'}]",0.6,0.403,0.3,1.0,1
97,"[{'timestamp': '2020-01', 'skills': ['SQL']}, {'timestamp': '2020-12', 'skills': ['SQL', 'Docker']}, {'timestamp': '2021-12', 'skills': ['AWS', 'Machine Learning', 'Python', 'Docker', 'Deep Learning', 'Kubernetes', 'NLP']}]","[{'detail': 0.216, 'tag': 'proj_5'}, {'detail': 0.301, 'tag': 'proj_3'}, {'detail': 0.284, 'tag': 'proj_3'}]",0.714,0.267,0.3,0.3,1
98,"[{'timestamp': '2020-01', 'skills': ['Docker']}, {'timestamp': '2020-12', 'skills': ['Docker', 'AWS']}, {'timestamp': '2021-12', 'skills': ['Machine Learning', 'Python', 'Docker', 'Deep Learning', 'Kubernetes', 'NLP']}]","[{'detail': 0.414, 'tag': 'proj_3'}, {'detail': 0.242, 'tag': 'proj_2'}, {'detail': 0.207, 'tag': 'proj_5'}]",0.667,0.288,0.3,0.3,1
99,"[{'timestamp': '2020-01', 'skills': ['NLP']}, {'timestamp': '2020-12', 'skills': ['NLP', 'AWS']}, {'timestamp': '2021-12', 'skills': ['NLP', 'AWS', 'Python']}]","[{'detail': 0.668, 'tag': 'proj_1'}, {'detail': 0.613, 'tag': 'proj_1'}, {'detail': 0.758, 'tag': 'proj_1'}]",0.333,0.68,1.0,0.3,0
100,"[{'timestamp': '2020-01', 'skills': ['SQL']}, {'timestamp': '2020-12', 'skills': ['SQL', 'NLP']}, {'timestamp': '2021-12', 'skills': ['AWS', 'Machine Learning', 'Python', 'Docker', 'Deep Learning', 'Kubernetes', 'NLP']}]","[{'detail': 0.347, 'tag': 'proj_2'}, {'detail': 0.49, 'tag': 'proj_5'}, {'detail': 0.446, 'tag': 'proj_2'}]",0.714,0.428,0.3,0.3,1
101,"[{'timestamp': '2020-01', 'skills': ['NLP']}, {'timestamp': '2020-12', 'skills': ['NLP', 'Deep Learning']}, {'timestamp': '2021-12', 'skills': ['NLP', 'Deep Learning', 'SQL']}]","[{'detail': 0.52, 'tag': 'proj_2'}, {'detail': 0.787, 'tag': 'proj_2'}, {'detail': 0.755, 'tag': 'proj_2'}]",0.333,0.687,1.0,0.3,0
102,"[{'timestamp': '2020-01', 'skills': ['Docker']}, {'timestamp': '2020-12', 'skills': ['Docker', 'Kafka']}, {'timestamp': '2021-12', 'skills': ['Machine Learning', 'Python', 'Docker', 'Deep Learning', 'NLP']}]","[{'detail': 0.243, 'tag': 'proj_3'}, {'detail': 0.379, 'tag': 'proj_3'}, {'detail': 0.471, 'tag': 'proj_1'}]",0.6,0.364,0.3,1.0,1
103,"[{'timestamp': '2020-01', 'skills': ['Docker']}, {'timestamp': '2020-12', 'skills': ['Docker', 'AWS']}, {'timestamp': '2021-12', 'skills': ['Machine Learning', 'Python', 'Docker', 'Deep Learning', 'NLP']}]","[{'detail': 0.351, 'tag': 'proj_1'}, {'detail': 0.283, 'tag': 'proj_5'}, {'detail': 0.286, 'tag': 'proj_2'}]",0.6,0.307,0.3,0.3,1
104,"[{'timestamp': '2020-01', 'skills': ['Kafka']}, {'timestamp': '2020-12', 'skills': ['Kafka', 'Machine Learning']}, {'timestamp': '2021-12', 'skills': ['Kafka', 'Machine Learning', 'NLP']}]","[{'detail': 0.552, 'tag': 'proj_2'}, {'detail': 0.626, 'tag': 'proj_2'}, {'detail': 0.897, 'tag': 'proj_2'}]",0.333,0.692,1.0,1.0,0
105,"[{'timestamp': '2020-01', 'skills': ['Machine Learning']}, {'timestamp': '2020-12', 'skills': ['Machine Learning']}, {'timestamp': '2021-12', 'skills': ['Machine Learning', 'Docker']}]","[{'detail': 0.538, 'tag': 'proj_3'}, {'detail': 0.676, 'tag': 'proj_3'}, {'detail': 0.743, 'tag': 'proj_3'}]",0.5,0.652,1.0,1.0,0
106,"[{'timestamp': '2020-01', 'skills': ['Spark']}, {'timestamp': '2020-12', 'skills': ['Spark', 'AWS']}, {'timestamp': '2021-12', 'skills': ['Spark', 'AWS']}]","[{'detail': 0.77, 'tag': 'proj_3'}, {'detail': 0.711, 'tag': 'proj_3'}, {'detail': 0.718, 'tag': 'proj_3'}]",0.5,0.733,1.0,0.3,0
107,"[{'timestamp': '2020-01', 'skills': ['Deep Learning']}, {'timestamp': '2020-12', 'skills': ['Deep Learning', 'Kubernetes']}, {'timestamp': '2021-12', 'skills': ['Deep Learning', 'Kubernetes']}]","[{'detail': 0.587, 'tag': 'proj_1'}, {'detail': 0.741, 'tag': 'proj_1'}, {'detail': 0.797, 'tag': 'proj_1'}]",0.5,0.708,1.0,1.0,0
108,"[{'timestamp': '2020-01', 'skills': ['AWS']}, {'timestamp': '2020-12', 'skills': ['AWS', 'Kafka']}, {'timestamp': '2021-12', 'skills': ['AWS', 'Kafka', 'Kubernetes']}]","[{'detail': 0.501, 'tag': 'proj_3'}, {'detail': 0.614, 'tag': 'proj_3'}, {'detail': 0.846, 'tag': 'proj_3'}]",0.333,0.654,1.0,1.0,0
109,"[{'timestamp': '2020-01', 'skills': ['Kubernetes']}, {'timestamp': '2020-12', 'skills': ['Kubernetes', 'Spark']}, {'timestamp': '2021-12', 'skills': ['Machine Learning', 'Python', 'Docker', 'Deep Learning', 'Kubernetes', 'NLP']}]","[{'detail': 0.46, 'tag': 'proj_2'}, {'detail': 0.403, 'tag': 'proj_5'}, {'detail': 0.208, 'tag': 'proj_1'}]",0.667,0.357,0.3,0.3,1
110,"[{'timestamp': '2020-01', 'skills': ['AWS']}, {'timestamp': '2020-12', 'skills': ['AWS']}, {'timestamp': '2021-12', 'skills': ['AWS', 'SQL']}]","[{'detail': 0.82, 'tag': 'proj_2'}, {'detail': 0.848, 'tag': 'proj_2'}, {'detail': 0.757, 'tag': 'proj_2'}]",0.5,0.808,1.0,0.3,0
111,"[{'timestamp': '2020-01', 'skills': ['AWS']}, {'timestamp': '2020-12', 'skills': ['AWS', 'Kafka']}, {'timestamp': '2021-12', 'skills': ['Machine Learning', 'Python', 'Docker', 'Deep Learning', 'NLP']}]","[{'detail': 0.473, 'tag': 'proj_2'}, {'detail': 0.254, 'tag': 'proj_4'}, {'detail': 0.37, 'tag': 'proj_3'}]",0.6,0.366,0.3,0.3,1
112,"[{'timestamp': '2020-01', 'skills': ['Kubernetes']}, {'timestamp': '2020-12', 'skills': ['Kubernetes', 'Spark']}, {'timestamp': '2021-12', 'skills': ['Machine Learning', 'Python', 'Docker', 'Deep Learning', 'NLP']}]","[{'detail': 0.204, 'tag': 'proj_3'}, {'detail': 0.417, 'tag': 'proj_1'}, {'detail': 0.37, 'tag': 'proj_1'}]",0.6,0.33,0.3,0.3,1
113,"[{'timestamp': '2020-01', 'skills': ['Spark']}, {'timestamp': '2020-12', 'skills': ['Spark', 'Kubernetes']}, {'timestamp': '2021-12', 'skills': ['Spark', 'Kubernetes', 'Kafka']}]","[{'detail': 0.844, 'tag': 'proj_1'}, {'detail': 0.796, 'tag': 'proj_1'}, {'detail': 0.768, 'tag': 'proj_1'}]",0.333,0.803,1.0,0.3,0
114,"[{'timestamp': '2020-01', 'skills': ['Kubernetes']}, {'timestamp': '2020-12', 'skills': ['Kubernetes', 'Deep Learning']}, {'timestamp': '2021-12', 'skills': ['Machine Learning', 'Python', 'Docker', 'Deep Learning', 'NLP']}]","[{'detail': 0.322, 'tag': 'proj_2'}, {'detail': 0.309, 'tag': 'proj_4'}, {'detail': 0.375, 'tag': 'proj_3'}]",0.6,0.335,0.3,0.3,1
115,"[{'timestamp': '2020-01', 'skills': ['Docker']}, {'timestamp': '2020-12', 'skills': ['Docker', 'SQL']}, {'timestamp': '2021-12', 'skills': ['AWS', 'Machine Learning', 'Python', 'Docker', 'Deep Learning', 'Kubernetes', 'NLP']}]","[{'detail': 0.33, 'tag': 'proj_3'}, {'detail': 0.405, 'tag': 'proj_4'}, {'detail': 0.294, 'tag': 'proj_2'}]",0.714,0.343,0.3,0.3,1
116,"[{'timestamp': '2020-01', 'skills': ['Kafka']}, {'timestamp': '2020-12', 'skills': ['Kafka', 'Docker']}, {'timestamp': '2021-12', 'skills': ['Kafka', 'Docker', 'NLP']}]","[{'detail': 0.598, 'tag': 'proj_1'}, {'detail': 0.646, 'tag': 'proj_1'}, {'detail': 0.714, 'tag': 'proj_1'}]",0.333,0.653,1.0,1.0,0
117,"[{'timestamp': '2020-01', 'skills': ['Kubernetes']}, {'timestamp': '2020-12', 'skills': ['Kubernetes', 'SQL']}, {'timestamp': '2021-12', 'skills': ['Kubernetes', 'SQL', 'Docker']}]","[{'detail': 0.85, 'tag': 'proj_1'}, {'detail': 0.859, 'tag': 'proj_1'}, {'detail': 0.766, 'tag': 'proj_1'}]",0.333,0.825,1.0,0.3,0
118,"[{'timestamp': '2020-01', 'skills': ['AWS']}, {'timestamp': '2020-12', 'skills': ['AWS', 'Machine Learning']}, {'timestamp': '2021-12', 'skills': ['AWS', 'Machine Learning', 'Python', 'Docker', 'Deep Learning', 'Kubernetes', 'NLP']}]","[{'detail': 0.4, 'tag': 'proj_3'}, {'detail': 0.484, 'tag': 'proj_4'}, {'detail': 0.407, 'tag': 'proj_4'}]",0.714,0.43,0.3,0.3,1
119,"[{'timestamp': '2020-01', 'skills': ['Python']}, {'timestamp': '2020-12', 'skills': ['Python', 'Kafka']}, {'timestamp': '2021-12', 'skills': ['Python', 'Kafka', 'Machine Learning']}]","[{'detail': 0.634, 'tag': 'proj_1'}, {'detail': 0.771, 'tag': 'proj_1'}, {'detail': 0.715, 'tag': 'proj_1'}]",0.333,0.707,1.0,0.3,0
120,"[{'timestamp': '2020-01', 'skills': ['Python']}, {'timestamp': '2020-12', 'skills': ['Python', 'SQL']}, {'timestamp': '2021-12', 'skills': ['AWS', 'Machine Learning', 'Python', 'Docker', 'Deep Learning', 'SQL', 'Kubernetes', 'NLP']}]","[{'detail': 0.391, 'tag': 'proj_1'}, {'detail': 0.233, 'tag': 'proj_3'}, {'detail': 0.389, 'tag': 'proj_5'}]",0.75,0.338,0.3,0.3,1
121,"[{'timestamp': '2020-01', 'skills': ['NLP']}, {'timestamp': '2020-12', 'skills': ['NLP', 'SQL']}, {'timestamp': '2021-12', 'skills': ['AWS', 'Machine Learning', 'Python', 'Docker', 'Deep Learning', 'Kubernetes', 'NLP']}]","[{'detail': 0.219, 'tag': 'proj_1'}, {'detail': 0.416, 'tag': 'proj_4'}, {'detail': 0.389, 'tag': 'proj_3'}]",0.714,0.341,0.3,0.3,1
122,"[{'timestamp': '2020-01', 'skills': ['Docker']}, {'timestamp': '2020-12', 'skills': ['Docker', 'Python']}, {'timestamp': '2021-12', 'skills': ['AWS', 'Machine Learning', 'Python', 'Docker', 'Deep Learning', 'Kubernetes', 'NLP']}]","[{'detail': 0.28, 'tag': 'proj_4'}, {'detail': 0.455, 'tag': 'proj_1'}, {'detail': 0.201, 'tag': 'proj_5'}]",0.714,0.312,0.3,0.3,1
123,"[{'timestamp': '2020-01', 'skills': ['Python']}, {'timestamp': '2020-12', 'skills': ['Python', 'Machine Learning']}, {'timestamp': '2021-12', 'skills': ['Python', 'Machine Learning', 'SQL']}]","[{'detail': 0.887, 'tag': 'proj_1'}, {'detail': 0.662, 'tag': 'proj_1'}, {'detail': 0.846, 'tag': 'proj_1'}]",0.333,0.798,1.0,0.3,0
124,"[{'timestamp': '2020-01', 'skills': ['Python']}, {'timestamp': '2020-12', 'skills': ['Python', 'Machine Learning']}, {'timestamp': '2021-12', 'skills': ['Python', 'Machine Learning', 'Spark']}]","[{'detail': 0.642, 'tag': 'proj_1'}, {'detail': 0.88, 'tag': 'proj_1'}, {'detail': 0.883, 'tag': 'proj_1'}]",0.333,0.802,1.0,1.0,0
125,"[{'timestamp': '2020-01', 'skills': ['Kubernetes']}, {'timestamp': '2020-12', 'skills': ['Kubernetes', 'Deep Learning']}, {'timestamp': '2021-12', 'skills': ['Kubernetes', 'Deep Learning', 'Spark']}]","[{'detail': 0.899, 'tag': 'proj_2'}, {'detail': 0.858, 'tag': 'proj_2'}, {'detail': 0.827, 'tag': 'proj_2'}]",0.333,0.861,1.0,0.3,0
126,"[{'timestamp': '2020-01', 'skills': ['Machine Learning']}, {'timestamp': '2020-12', 'skills': ['Machine Learning', 'NLP']}, {'timestamp': '2021-12', 'skills': ['Machine Learning', 'NLP', 'SQL']}]","[{'detail': 0.897, 'tag': 'proj_1'}, {'detail': 0.684, 'tag': 'proj_1'}, {'detail': 0.797, 'tag': 'proj_1'}]",0.333,0.793,1.0,0.3,0
127,"[{'timestamp': '2020-01', 'skills': ['AWS']}, {'timestamp': '2020-12', 'skills': ['AWS', 'Docker']}, {'timestamp': '2021-12', 'skills': ['AWS', 'Machine Learning', 'Python', 'Docker', 'Deep Learning', 'Kubernetes', 'NLP']}]","[{'detail': 0.442, 'tag': 'proj_3'}, {'detail': 0.325, 'tag': 'proj_2'}, {'detail': 0.331, 'tag': 'proj_2'}]",0.714,0.366,0.3,0.3,1
128,"[{'timestamp': '2020-01', 'skills': ['NLP']}, {'timestamp': '2020-12', 'skills': ['NLP', 'Python']}, {'timestamp': '2021-12', 'skills': ['Machine Learning', 'Python', 'Docker', 'Deep Learning', 'NLP']}]","[{'detail': 0.374, 'tag': 'proj_3'}, {'detail': 0.393, 'tag': 'proj_5'}, {'detail': 0.253, 'tag': 'proj_5'}]",0.6,0.34,0.3,0.3,1
129,"[{'timestamp': '2020-01', 'skills': ['AWS']}, {'timestamp': '2020-12', 'skills': ['AWS']}, {'timestamp': '2021-12', 'skills': ['AWS', 'Deep Learning']}]","[{'detail': 0.874, 'tag': 'proj_1'}, {'detail': 0.662, 'tag': 'proj_1'}, {'detail': 0.703, 'tag': 'proj_1'}]",0.5,0.746,1.0,0.3,0
130,"[{'timestamp': '2020-01', 'skills': ['Kubernetes']}, {'timestamp': '2020-12', 'skills': ['Kubernetes', 'NLP']}, {'timestamp': '2021-12', 'skills': ['Kubernetes', 'NLP']}]","[{'detail': 0.8, 'tag': 'proj_2'}, {'detail': 0.683, 'tag': 'proj_2'}, {'detail': 0.797, 'tag': 'proj_2'}]",0.5,0.76,1.0,0.3,0
131,"[{'timestamp': '2020-01', 'skills': ['Docker']}, {'timestamp': '2020-12', 'skills': ['Docker', 'NLP']}, {'timestamp': '2021-12', 'skills': ['Docker', 'NLP']}]","[{'detail': 0.738, 'tag': 'proj_3'}, {'detail': 0.85, 'tag': 'proj_3'}, {'detail': 0.714, 'tag': 'proj_3'}]",0.5,0.767,1.0,0.3,0
132,"[{'timestamp': '2020-01', 'skills': ['AWS']}, {'timestamp': '2020-12', 'skills': ['AWS']}, {'timestamp': '2021-12', 'skills': ['AWS', 'Deep Learning']}]","[{'detail': 0.794, 'tag': 'proj_1'}, {'detail': 0.645, 'tag': 'proj_1'}, {'detail': 0.723, 'tag': 'proj_1'}]",0.5,0.721,1.0,0.3,0
133,"[{'timestamp': '2020-01', 'skills': ['Python']}, {'timestamp': '2020-12', 'skills': ['Python', 'NLP']}, {'timestamp': '2021-12', 'skills': ['Machine Learning', 'Python', 'Docker', 'Deep Learning', 'Kubernetes', 'NLP']}]","[{'detail': 0.371, 'tag': 'proj_1'}, {'detail': 0.439, 'tag': 'proj_4'}, {'detail': 0.258, 'tag': 'proj_4'}]",0.667,0.356,0.3,0.3,1
134,"[{'timestamp': '2020-01', 'skills': ['AWS']}, {'timestamp': '2020-12', 'skills': ['AWS', 'Spark']}, {'timestamp': '2021-12', 'skills': ['AWS', 'Machine Learning', 'Python', 'Docker', 'Deep Learning', 'SQL', 'Kubernetes', 'NLP']}]","[{'detail': 0.486, 'tag': 'proj_3'}, {'detail': 0.308, 'tag': 'proj_2'}, {'detail': 0.234, 'tag': 'proj_4'}]",0.75,0.343,0.3,0.3,1
135,"[{'timestamp': '2020-01', 'skills': ['Kafka']}, {'timestamp': '2020-12', 'skills': ['Kafka', 'Kubernetes']}, {'timestamp': '2021-12', 'skills': ['Kafka', 'Kubernetes', 'Deep Learning']}]","[{'detail': 0.577, 'tag': 'proj_1'}, {'detail': 0.827, 'tag': 'proj_1'}, {'detail': 0.768, 'tag': 'proj_1'}]",0.333,0.724,1.0,0.3,0
136,"[{'timestamp': '2020-01', 'skills': ['Deep Learning']}, {'timestamp': '2020-12', 'skills': ['Deep Learning', 'AWS']}, {'timestamp': '2021-12', 'skills': ['Deep Learning', 'AWS', 'Spark']}]","[{'detail': 0.522, 'tag': 'proj_3'}, {'detail': 0.713, 'tag': 'proj_3'}, {'detail': 0.739, 'tag': 'proj_3'}]",0.333,0.658,1.0,1.0,0
137,"[{'timestamp': '2020-01', 'skills': ['Kubernetes']}, {'timestamp': '2020-12', 'skills': ['Kubernetes', 'Deep Learning']}, {'timestamp': '2021-12', 'skills': ['AWS', 'Machine Learning', 'Python', 'Docker', 'Deep Learning', 'Kubernetes', 'NLP']}]","[{'detail': 0.263, 'tag': 'proj_3'}, {'detail': 0.205, 'tag': 'proj_4'}, {'detail': 0.233, 'tag': 'proj_2'}]",0.714,0.234,0.3,0.3,1
138,"[{'timestamp': '2020-01', 'skills': ['Machine Learning']}, {'timestamp': '2020-12', 'skills': ['Machine Learning', 'Kubernetes']}, {'timestamp': '2021-12', 'skills': ['Machine Learning', 'Kubernetes', 'Python']}]","[{'detail': 0.594, 'tag': 'proj_3'}, {'detail': 0.61, 'tag': 'proj_3'}, {'detail': 0.745, 'tag': 'proj_3'}]",0.333,0.65,1.0,1.0,0
139,"[{'timestamp': '2020-01', 'skills': ['NLP']}, {'timestamp': '2020-12', 'skills': ['NLP', 'Docker']}, {'timestamp': '2021-12', 'skills': ['Machine Learning', 'Python', 'Docker', 'Deep Learning', 'NLP']}]","[{'detail': 0.37, 'tag': 'proj_2'}, {'detail': 0.496, 'tag': 'proj_2'}, {'detail': 0.438, 'tag': 'proj_1'}]",0.6,0.435,0.3,0.3,1
140,"[{'timestamp': '2020-01', 'skills': ['Machine Learning']}, {'timestamp': '2020-12', 'skills': ['Machine Learning', 'Python']}, {'timestamp': '2021-12', 'skills': ['AWS', 'Machine Learning', 'Python', 'Docker', 'Deep Learning', 'Kubernetes', 'NLP']}]","[{'detail': 0.26, 'tag': 'proj_4'}, {'detail': 0.499, 'tag': 'proj_3'}, {'detail': 0.241, 'tag': 'proj_5'}]",0.714,0.333,0.3,0.3,1
141,"[{'timestamp': '2020-01', 'skills': ['Machine Learning']}, {'timestamp': '2020-12', 'skills': ['Machine Learning', 'NLP']}, {'timestamp': '2021-12', 'skills': ['Machine Learning', 'NLP', 'Kafka']}]","[{'detail': 0.757, 'tag': 'proj_3'}, {'detail': 0.825, 'tag': 'proj_3'}, {'detail': 0.756, 'tag': 'proj_3'}]",0.333,0.779,1.0,0.3,0
142,"[{'timestamp': '2020-01', 'skills': ['AWS']}, {'timestamp': '2020-12', 'skills': ['AWS', 'Machine Learning']}, {'timestamp': '2021-12', 'skills': ['AWS', 'Machine Learning', 'Python']}]","[{'detail': 0.797, 'tag': 'proj_1'}, {'detail': 0.823, 'tag': 'proj_1'}, {'detail': 0.83, 'tag': 'proj_1'}]",0.333,0.817,1.0,1.0,0
143,"[{'timestamp': '2020-01', 'skills': ['SQL']}, {'timestamp': '2020-12', 'skills': ['SQL', 'Docker']}, {'timestamp': '2021-12', 'skills': ['SQL', 'Docker', 'Spark']}]","[{'detail': 0.806, 'tag': 'proj_1'}, {'detail': 0.664, 'tag': 'proj_1'}, {'detail': 0.869, 'tag': 'proj_1'}]",0.333,0.78,1.0,0.3,0
144,"[{'timestamp': '2020-01', 'skills': ['Machine Learning']}, {'timestamp': '2020-12', 'skills': ['Machine Learning', 'Machine Learning']}, {'timestamp': '2021-12', 'skills': ['AWS', 'Machine Learning', 'Python', 'Docker', 'Deep Learning', 'SQL', 'Kubernetes', 'NLP']}]","[{'detail': 0.205, 'tag': 'proj_5'}, {'detail': 0.305, 'tag': 'proj_5'}, {'detail': 0.315, 'tag': 'proj_5'}]",0.75,0.275,1.0,1.0,1
145,"[{'timestamp': '2020-01', 'skills': ['Deep Learning']}, {'timestamp': '2020-12', 'skills': ['Deep Learning', 'Kubernetes']}, {'timestamp': '2021-12', 'skills': ['Deep Learning', 'Kubernetes']}]","[{'detail': 0.646, 'tag': 'proj_3'}, {'detail': 0.654, 'tag': 'proj_3'}, {'detail': 0.865, 'tag': 'proj_3'}]",0.5,0.722,1.0,1.0,0
146,"[{'timestamp': '2020-01', 'skills': ['Docker']}, {'timestamp': '2020-12', 'skills': ['Docker', 'SQL']}, {'timestamp': '2021-12', 'skills': ['Docker', 'SQL', 'Machine Learning']}]","[{'detail': 0.588, 'tag': 'proj_3'}, {'detail': 0.695, 'tag': 'proj_3'}, {'detail': 0.848, 'tag': 'proj_3'}]",0.333,0.71,1.0,1.0,0
147,"[{'timestamp': '2020-01', 'skills': ['Spark']}, {'timestamp': '2020-12', 'skills': ['Spark', 'Python']}, {'timestamp': '2021-12', 'skills': ['Spark', 'Python', 'Docker']}]","[{'detail': 0.831, 'tag': 'proj_3'}, {'detail': 0.844, 'tag': 'proj_3'}, {'detail': 0.809, 'tag': 'proj_3'}]",0.333,0.828,1.0,0.3,0
148,"[{'timestamp': '2020-01', 'skills': ['Kafka']}, {'timestamp': '2020-12', 'skills': ['Kafka', 'Python']}, {'timestamp': '2021-12', 'skills': ['Kafka', 'Python', 'Deep Learning']}]","[{'detail': 0.774, 'tag': 'proj_1'}, {'detail': 0.873, 'tag': 'proj_1'}, {'detail': 0.797, 'tag': 'proj_1'}]",0.333,0.815,1.0,0.3,0
149,"[{'timestamp': '2020-01', 'skills': ['Deep Learning']}, {'timestamp': '2020-12', 'skills': ['Deep Learning', 'Kafka']}, {'timestamp': '2021-12', 'skills': ['AWS', 'Machine Learning', 'Python', 'Docker', 'Deep Learning', 'SQL', 'Kubernetes', 'NLP']}]","[{'detail': 0.431, 'tag': 'proj_3'}, {'detail': 0.243, 'tag': 'proj_3'}, {'detail': 0.221, 'tag': 'proj_1'}]",0.75,0.298,0.3,0.3,1
150,"[{'timestamp': '2020-01', 'skills': ['AWS']}, {'timestamp': '2020-12', 'skills': ['AWS', 'Kafka']}, {'timestamp': '2021-12', 'skills': ['AWS', 'Kafka']}]","[{'detail': 0.551, 'tag': 'proj_3'}, {'detail': 0.844, 'tag': 'proj_3'}, {'detail': 0.789, 'tag': 'proj_3'}]",0.5,0.728,1.0,0.3,0
151,"[{'timestamp': '2020-01', 'skills': ['Python']}, {'timestamp': '2020-12', 'skills': ['Python', 'Spark']}, {'timestamp': '2021-12', 'skills': ['Machine Learning', 'Python', 'Docker', 'Deep Learning', 'Kubernetes', 'NLP']}]","[{'detail': 0.202, 'tag': 'proj_1'}, {'detail': 0.261, 'tag': 'proj_3'}, {'detail': 0.208, 'tag': 'proj_4'}]",0.667,0.224,0.3,0.3,1
152,"[{'timestamp': '2020-01', 'skills': ['Docker']}, {'timestamp': '2020-12', 'skills': ['Docker', 'Kubernetes']}, {'timestamp': '2021-12', 'skills': ['Docker', 'Kubernetes']}]","[{'detail': 0.596, 'tag': 'proj_1'}, {'detail': 0.731, 'tag': 'proj_1'}, {'detail': 0.835, 'tag': 'proj_1'}]",0.5,0.721,1.0,1.0,0
153,"[{'timestamp': '2020-01', 'skills': ['Machine Learning']}, {'timestamp': '2020-12', 'skills': ['Machine Learning', 'Kafka']}, {'timestamp': '2021-12', 'skills': ['Machine Learning', 'Kafka', 'NLP']}]","[{'detail': 0.624, 'tag': 'proj_1'}, {'detail': 0.703, 'tag': 'proj_1'}, {'detail': 0.845, 'tag': 'proj_1'}]",0.333,0.724,1.0,1.0,0
154,"[{'timestamp': '2020-01', 'skills': ['SQL']}, {'timestamp': '2020-12', 'skills': ['SQL', 'Python']}, {'timestamp': '2021-12', 'skills': ['AWS', 'Machine Learning', 'Python', 'Docker', 'Deep Learning', 'Kubernetes', 'NLP']}]","[{'detail': 0.434, 'tag': 'proj_2'}, {'detail': 0.237, 'tag': 'proj_4'}, {'detail': 0.403, 'tag': 'proj_3'}]",0.714,0.358,0.3,0.3,1
155,"[{'timestamp': '2020-01', 'skills': ['Kubernetes']}, {'timestamp': '2020-12', 'skills': ['Kubernetes']}, {'timestamp': '2021-12', 'skills': ['Kubernetes', 'SQL']}]","[{'detail': 0.565, 'tag': 'proj_2'}, {'detail': 0.785, 'tag': 'proj_2'}, {'detail': 0.829, 'tag': 'proj_2'}]",0.5,0.726,1.0,1.0,0
156,"[{'timestamp': '2020-01', 'skills': ['Kubernetes']}, {'timestamp': '2020-12', 'skills': ['Kubernetes', 'Kafka']}, {'timestamp': '2021-12', 'skills': ['Kubernetes', 'Kafka', 'SQL']}]","[{'detail': 0.663, 'tag': 'proj_3'}, {'detail': 0.775, 'tag': 'proj_3'}, {'detail': 0.806, 'tag': 'proj_3'}]",0.333,0.748,1.0,1.0,0
157,"[{'timestamp': '2020-01', 'skills': ['Kafka']}, {'timestamp': '2020-12', 'skills': ['Kafka', 'Kubernetes']}, {'timestamp': '2021-12', 'skills': ['Kafka', 'Kubernetes']}]","[{'detail': 0.83, 'tag': 'proj_1'}, {'detail': 0.821, 'tag': 'proj_1'}, {'detail': 0.898, 'tag': 'proj_1'}]",0.5,0.85,1.0,0.3,0
158,"[{'timestamp': '2020-01', 'skills': ['AWS']}, {'timestamp': '2020-12', 'skills': ['AWS', 'Docker']}, {'timestamp': '2021-12', 'skills': ['Machine Learning', 'Python', 'Docker', 'Deep Learning', 'NLP']}]","[{'detail': 0.45, 'tag': 'proj_2'}, {'detail': 0.473, 'tag': 'proj_5'}, {'detail': 0.221, 'tag': 'proj_5'}]",0.6,0.381,0.3,0.3,1
159,"[{'timestamp': '2020-01', 'skills': ['Deep Learning']}, {'timestamp': '2020-12', 'skills': ['Deep Learning', 'Spark']}, {'timestamp': '2021-12', 'skills': ['Deep Learning', 'Spark', 'AWS']}]","[{'detail': 0.702, 'tag': 'proj_1'}, {'detail': 0.851, 'tag': 'proj_1'}, {'detail': 0.743, 'tag': 'proj_1'}]",0.333,0.765,1.0,0.3,0
160,"[{'timestamp': '2020-01', 'skills': ['Spark']}, {'timestamp': '2020-12', 'skills': ['Spark', 'Deep Learning']}, {'timestamp': '2021-12', 'skills': ['Spark', 'Deep Learning', 'Kafka']}]","[{'detail': 0.748, 'tag': 'proj_3'}, {'detail': 0.715, 'tag': 'proj_3'}, {'detail': 0.854, 'tag': 'proj_3'}]",0.333,0.772,1.0,0.3,0
161,"[{'timestamp': '2020-01', 'skills': ['SQL']}, {'timestamp': '2020-12', 'skills': ['SQL', 'Python']}, {'timestamp': '2021-12', 'skills': ['AWS', 'Machine Learning', 'Python', 'Docker', 'Deep Learning', 'SQL', 'Kubernetes', 'NLP']}]","[{'detail': 0.36, 'tag': 'proj_1'}, {'detail': 0.449, 'tag': 'proj_2'}, {'detail': 0.495, 'tag': 'proj_2'}]",0.75,0.435,0.3,1.0,1
162,"[{'timestamp': '2020-01', 'skills': ['AWS']}, {'timestamp': '2020-12', 'skills': ['AWS', 'Deep Learning']}, {'timestamp': '2021-12', 'skills': ['AWS', 'Machine Learning', 'Python', 'Docker', 'Deep Learning', 'Kubernetes', 'NLP']}]","[{'detail': 0.392, 'tag': 'proj_5'}, {'detail': 0.34, 'tag': 'proj_4'}, {'detail': 0.378, 'tag': 'proj_1'}]",0.714,0.37,0.3,0.3,1
163,"[{'timestamp': '2020-01', 'skills': ['SQL']}, {'timestamp': '2020-12', 'skills': ['SQL', 'Deep Learning']}, {'timestamp': '2021-12', 'skills': ['SQL', 'Deep Learning', 'Python']}]","[{'detail': 0.694, 'tag': 'proj_1'}, {'detail': 0.83, 'tag': 'proj_1'}, {'detail': 0.827, 'tag': 'proj_1'}]",0.333,0.784,1.0,0.3,0
164,"[{'timestamp': '2020-01', 'skills': ['Machine Learning']}, {'timestamp': '2020-12', 'skills': ['Machine Learning', 'Kafka']}, {'timestamp': '2021-12', 'skills': ['Machine Learning', 'Python', 'Docker', 'Deep Learning', 'Kubernetes', 'NLP']}]","[{'detail': 0.39, 'tag': 'proj_4'}, {'detail': 0.369, 'tag': 'proj_2'}, {'detail': 0.378, 'tag': 'proj_3'}]",0.667,0.379,0.3,0.3,1
165,"[{'timestamp': '2020-01', 'skills': ['Python']}, {'timestamp': '2020-12', 'skills': ['Python', 'Kafka']}, {'timestamp': '2021-12', 'skills': ['AWS', 'Machine Learning', 'Python', 'Docker', 'Deep Learning', 'Kubernetes', 'NLP']}]","[{'detail': 0.493, 'tag': 'proj_5'}, {'detail': 0.463, 'tag': 'proj_1'}, {'detail': 0.458, 'tag': 'proj_5'}]",0.714,0.471,0.3,0.3,1
166,"[{'timestamp': '2020-01', 'skills': ['Deep Learning']}, {'timestamp': '2020-12', 'skills': ['Deep Learning', 'AWS']}, {'timestamp': '2021-12', 'skills': ['Deep Learning', 'AWS', 'Kubernetes']}]","[{'detail': 0.524, 'tag': 'proj_2'}, {'detail': 0.69, 'tag': 'proj_2'}, {'detail': 0.745, 'tag': 'proj_2'}]",0.333,0.653,1.0,1.0,0
167,"[{'timestamp': '2020-01', 'skills': ['AWS']}, {'timestamp': '2020-12', 'skills': ['AWS', 'NLP']}, {'timestamp': '2021-12', 'skills': ['AWS', 'NLP', 'Machine Learning']}]","[{'detail': 0.795, 'tag': 'proj_3'}, {'detail': 0.665, 'tag': 'proj_3'}, {'detail': 0.864, 'tag': 'proj_3'}]",0.333,0.775,1.0,0.3,0
168,"[{'timestamp': '2020-01', 'skills': ['SQL']}, {'timestamp': '2020-12', 'skills': ['SQL', 'Deep Learning']}, {'timestamp': '2021-12', 'skills': ['AWS', 'Machine Learning', 'Python', 'Docker', 'Deep Learning', 'SQL', 'Kubernetes', 'NLP']}]","[{'detail': 0.458, 'tag': 'proj_3'}, {'detail': 0.444, 'tag': 'proj_1'}, {'detail': 0.238, 'tag': 'proj_3'}]",0.75,0.38,0.3,0.3,1
169,"[{'timestamp': '2020-01', 'skills': ['Machine Learning']}, {'timestamp': '2020-12', 'skills': ['Machine Learning', 'Docker']}, {'timestamp': '2021-12', 'skills': ['AWS', 'Machine Learning', 'Python', 'Docker', 'Deep Learning', 'SQL', 'Kubernetes', 'NLP']}]","[{'detail': 0.247, 'tag': 'proj_2'}, {'detail': 0.342, 'tag': 'proj_2'}, {'detail': 0.409, 'tag': 'proj_3'}]",0.75,0.333,0.3,1.0,1
170,"[{'timestamp': '2020-01', 'skills': ['Deep Learning']}, {'timestamp': '2020-12', 'skills': ['Deep Learning', 'Machine Learning']}, {'timestamp': '2021-12', 'skills': ['Machine Learning', 'Python', 'Docker', 'Deep Learning', 'NLP']}]","[{'detail': 0.343, 'tag': 'proj_2'}, {'detail': 0.21, 'tag': 'proj_4'}, {'detail': 0.286, 'tag': 'proj_4'}]",0.6,0.28,0.3,0.3,1
171,"[{'timestamp': '2020-01', 'skills': ['Docker']}, {'timestamp': '2020-12', 'skills': ['Docker', 'Python']}, {'timestamp': '2021-12', 'skills': ['Docker', 'Python', 'Deep Learning']}]","[{'detail': 0.824, 'tag': 'proj_1'}, {'detail': 0.707, 'tag': 'proj_1'}, {'detail': 0.73, 'tag': 'proj_1'}]",0.333,0.754,1.0,0.3,0
172,"[{'timestamp': '2020-01', 'skills': ['NLP']}, {'timestamp': '2020-12', 'skills': ['NLP', 'Spark']}, {'timestamp': '2021-12', 'skills': ['AWS', 'Machine Learning', 'Python', 'Docker', 'Deep Learning', 'Kubernetes', 'NLP']}]","[{'detail': 0.355, 'tag': 'proj_4'}, {'detail': 0.453, 'tag': 'proj_2'}, {'detail': 0.394, 'tag': 'proj_4'}]",0.714,0.401,0.3,0.3,1
173,"[{'timestamp': '2020-01', 'skills': ['Kafka']}, {'timestamp': '2020-12', 'skills': ['Kafka', 'Deep Learning']}, {'timestamp': '2021-12', 'skills': ['AWS', 'Machine Learning', 'Python', 'Docker', 'Deep Learning', 'Kubernetes', 'NLP']}]","[{'detail': 0.395, 'tag': 'proj_4'}, {'detail': 0.345, 'tag': 'proj_5'}, {'detail': 0.202, 'tag': 'proj_1'}]",0.714,0.314,0.3,0.3,1
174,"[{'timestamp': '2020-01', 'skills': ['Kubernetes']}, {'timestamp': '2020-12', 'skills': ['Kubernetes', 'Docker']}, {'timestamp': '2021-12', 'skills': ['Machine Learning', 'Python', 'Docker', 'Deep Learning', 'Kubernetes', 'NLP']}]","[{'detail': 0.481, 'tag': 'proj_3'}, {'detail': 0.474, 'tag': 'proj_2'}, {'detail': 0.472, 'tag': 'proj_5'}]",0.667,0.476,0.3,0.3,1
175,"[{'timestamp': '2020-01', 'skills': ['AWS']}, {'timestamp': '2020-12', 'skills': ['AWS', 'Machine Learning']}, {'timestamp': '2021-12', 'skills': ['Machine Learning', 'Python', 'Docker', 'Deep Learning', 'NLP']}]","[{'detail': 0.276, 'tag': 'proj_4'}, {'detail': 0.455, 'tag': 'proj_4'}, {'detail': 0.232, 'tag': 'proj_1'}]",0.6,0.321,0.3,0.3,1
176,"[{'timestamp': '2020-01', 'skills': ['Kubernetes']}, {'timestamp': '2020-12', 'skills': ['Kubernetes', 'Machine Learning']}, {'timestamp': '2021-12', 'skills': ['Kubernetes', 'Machine Learning', 'SQL']}]","[{'detail': 0.604, 'tag': 'proj_1'}, {'detail': 0.698, 'tag': 'proj_1'}, {'detail': 0.893, 'tag': 'proj_1'}]",0.333,0.732,1.0,1.0,0
177,"[{'timestamp': '2020-01', 'skills': ['Spark']}, {'timestamp': '2020-12', 'skills': ['Spark', 'NLP']}, {'timestamp': '2021-12', 'skills': ['Machine Learning', 'Python', 'Docker', 'Deep Learning', 'NLP']}]","[{'detail': 0.217, 'tag': 'proj_1'}, {'detail': 0.305, 'tag': 'proj_3'}, {'detail': 0.238, 'tag': 'proj_4'}]",0.6,0.253,0.3,0.3,1
178,"[{'timestamp': '2020-01', 'skills': ['NLP']}, {'timestamp': '2020-12', 'skills': ['NLP', 'Docker']}, {'timestamp': '2021-12', 'skills': ['NLP', 'Docker']}]","[{'detail': 0.807, 'tag': 'proj_2'}, {'detail': 0.758, 'tag': 'proj_2'}, {'detail': 0.755, 'tag': 'proj_2'}]",0.5,0.773,1.0,0.3,0
179,"[{'timestamp': '2020-01', 'skills': ['Kafka']}, {'timestamp': '2020-12', 'skills': ['Kafka', 'Docker']}, {'timestamp': '2021-12', 'skills': ['AWS', 'Machine Learning', 'Python', 'Docker', 'Deep Learning', 'SQL', 'Kubernetes', 'NLP']}]","[{'detail': 0.226, 'tag': 'proj_1'}, {'detail': 0.367, 'tag': 'proj_2'}, {'detail': 0.209, 'tag': 'proj_4'}]",0.75,0.267,0.3,0.3,1
180,"[{'timestamp': '2020-01', 'skills': ['SQL']}, {'timestamp': '2020-12', 'skills': ['SQL', 'Python']}, {'timestamp': '2021-12', 'skills': ['AWS', 'Machine Learning', 'Python', 'Docker', 'Deep Learning', 'SQL', 'Kubernetes', 'NLP']}]","[{'detail': 0.211, 'tag': 'proj_3'}, {'detail': 0.28, 'tag': 'proj_4'}, {'detail': 0.486, 'tag': 'proj_3'}]",0.75,0.326,0.3,1.0,1
181,"[{'timestamp': '2020-01', 'skills': ['AWS']}, {'timestamp': '2020-12', 'skills': ['AWS', 'NLP']}, {'timestamp': '2021-12', 'skills': ['AWS', 'NLP']}]","[{'detail': 0.651, 'tag': 'proj_2'}, {'detail': 0.699, 'tag': 'proj_2'}, {'detail': 0.812, 'tag': 'proj_2'}]",0.5,0.721,1.0,1.0,0
182,"[{'timestamp': '2020-01', 'skills': ['Spark']}, {'timestamp': '2020-12', 'skills': ['Spark', 'Python']}, {'timestamp': '2021-12', 'skills': ['AWS', 'Machine Learning', 'Python', 'Docker', 'Deep Learning', 'Kubernetes', 'NLP']}]","[{'detail': 0.257, 'tag': 'proj_4'}, {'detail': 0.235, 'tag': 'proj_1'}, {'detail': 0.289, 'tag': 'proj_2'}]",0.714,0.26,0.3,0.3,1
183,"[{'timestamp': '2020-01', 'skills': ['Machine Learning']}, {'timestamp': '2020-12', 'skills': ['Machine Learning', 'Kubernetes']}, {'timestamp': '2021-12', 'skills': ['Machine Learning', 'Python', 'Docker', 'Deep Learning', 'NLP']}]","[{'detail': 0.248, 'tag': 'proj_5'}, {'detail': 0.387, 'tag': 'proj_3'}, {'detail': 0.245, 'tag': 'proj_1'}]",0.6,0.293,0.3,0.3,1
184,"[{'timestamp': '2020-01', 'skills': ['Kafka']}, {'timestamp': '2020-12', 'skills': ['Kafka', 'Spark']}, {'timestamp': '2021-12', 'skills': ['AWS', 'Machine Learning', 'Python', 'Docker', 'Deep Learning', 'SQL', 'Kubernetes', 'NLP']}]","[{'detail': 0.392, 'tag': 'proj_1'}, {'detail': 0.233, 'tag': 'proj_5'}, {'detail': 0.222, 'tag': 'proj_4'}]",0.75,0.282,0.3,0.3,1
185,"[{'timestamp': '2020-01', 'skills': ['Kubernetes']}, {'timestamp': '2020-12', 'skills': ['Kubernetes', 'Python']}, {'timestamp': '2021-12', 'skills': ['Kubernetes', 'Python', 'Kafka']}]","[{'detail': 0.769, 'tag': 'proj_2'}, {'detail': 0.843, 'tag': 'proj_2'}, {'detail': 0.764, 'tag': 'proj_2'}]",0.333,0.792,1.0,0.3,0
186,"[{'timestamp': '2020-01', 'skills': ['Kubernetes']}, {'timestamp': '2020-12', 'skills': ['Kubernetes', 'Python']}, {'timestamp': '2021-12', 'skills': ['Machine Learning', 'Python', 'Docker', 'Deep Learning', 'Kubernetes', 'NLP']}]","[{'detail': 0.347, 'tag': 'proj_5'}, {'detail': 0.302, 'tag': 'proj_2'}, {'detail': 0.214, 'tag': 'proj_2'}]",0.667,0.288,0.3,0.3,1
187,"[{'timestamp': '2020-01', 'skills': ['Docker']}, {'timestamp': '2020-12', 'skills': ['Docker', 'SQL']}, {'timestamp': '2021-12', 'skills': ['Docker', 'SQL', 'Spark']}]","[{'detail': 0.879, 'tag': 'proj_2'}, {'detail': 0.641, 'tag': 'proj_2'}, {'detail': 0.75, 'tag': 'proj_2'}]",0.333,0.757,1.0,0.3,0
188,"[{'timestamp': '2020-01', 'skills': ['NLP']}, {'timestamp': '2020-12', 'skills': ['NLP', 'Docker']}, {'timestamp': '2021-12', 'skills': ['Machine Learning', 'Python', 'Docker', 'Deep Learning', 'NLP']}]","[{'detail': 0.207, 'tag': 'proj_3'}, {'detail': 0.442, 'tag': 'proj_3'}, {'detail': 0.239, 'tag': 'proj_2'}]",0.6,0.296,0.3,0.3,1
189,"[{'timestamp': '2020-01', 'skills': ['Docker']}, {'timestamp': '2020-12', 'skills': ['Docker', 'Kubernetes']}, {'timestamp': '2021-12', 'skills': ['Docker', 'Kubernetes', 'SQL']}]","[{'detail': 0.535, 'tag': 'proj_2'}, {'detail': 0.75, 'tag': 'proj_2'}, {'detail': 0.704, 'tag': 'proj_2'}]",0.333,0.663,1.0,0.3,0
190,"[{'timestamp': '2020-01', 'skills': ['NLP']}, {'timestamp': '2020-12', 'skills': ['NLP', 'SQL']}, {'timestamp': '2021-12', 'skills': ['Machine Learning', 'Python', 'Docker', 'Deep Learning', 'NLP']}]","[{'detail': 0.465, 'tag': 'proj_4'}, {'detail': 0.419, 'tag': 'proj_4'}, {'detail': 0.484, 'tag': 'proj_3'}]",0.6,0.456,0.3,0.3,1
191,"[{'timestamp': '2020-01', 'skills': ['Kafka']}, {'timestamp': '2020-12', 'skills': ['Kafka', 'Docker']}, {'timestamp': '2021-12', 'skills': ['AWS', 'Machine Learning', 'Python', 'Docker', 'Deep Learning', 'Kubernetes', 'NLP']}]","[{'detail': 0.313, 'tag': 'proj_3'}, {'detail': 0.291, 'tag': 'proj_2'}, {'detail': 0.415, 'tag': 'proj_3'}]",0.714,0.34,0.3,0.3,1
192,"[{'timestamp': '2020-01', 'skills': ['Deep Learning']}, {'timestamp': '2020-12', 'skills': ['Deep Learning', 'Spark']}, {'timestamp': '2021-12', 'skills': ['Machine Learning', 'Python', 'Docker', 'Deep Learning', 'Kubernetes', 'NLP']}]","[{'detail': 0.219, 'tag': 'proj_1'}, {'detail': 0.392, 'tag': 'proj_3'}, {'detail': 0.277, 'tag': 'proj_1'}]",0.667,0.296,0.3,0.3,1
193,"[{'timestamp': '2020-01', 'skills': ['AWS']}, {'timestamp': '2020-12', 'skills': ['AWS', 'Python']}, {'timestamp': '2021-12', 'skills': ['AWS', 'Python', 'Kafka']}]","[{'detail': 0.621, 'tag': 'proj_1'}, {'detail': 0.695, 'tag': 'proj_1'}, {'detail': 0.824, 'tag': 'proj_1'}]",0.333,0.713,1.0,1.0,0
194,"[{'timestamp': '2020-01', 'skills': ['Kubernetes']}, {'timestamp': '2020-12', 'skills': ['Kubernetes', 'Machine Learning']}, {'timestamp': '2021-12', 'skills': ['Kubernetes', 'Machine Learning', 'SQL']}]","[{'detail': 0.87, 'tag': 'proj_3'}, {'detail': 0.693, 'tag': 'proj_3'}, {'detail': 0.812, 'tag': 'proj_3'}]",0.333,0.792,1.0,0.3,0
195,"[{'timestamp': '2020-01', 'skills': ['Python']}, {'timestamp': '2020-12', 'skills': ['Python', 'Machine Learning']}, {'timestamp': '2021-12', 'skills': ['AWS', 'Machine Learning', 'Python', 'Docker', 'Deep Learning', 'SQL', 'Kubernetes', 'NLP']}]","[{'detail': 0.427, 'tag': 'proj_4'}, {'detail': 0.481, 'tag': 'proj_2'}, {'detail': 0.322, 'tag': 'proj_1'}]",0.75,0.41,0.3,0.3,1
196,"[{'timestamp': '2020-01', 'skills': ['Deep Learning']}, {'timestamp': '2020-12', 'skills': ['Deep Learning', 'Docker']}, {'timestamp': '2021-12', 'skills': ['Deep Learning', 'Docker', 'Machine Learning']}]","[{'detail': 0.833, 'tag': 'proj_1'}, {'detail': 0.681, 'tag': 'proj_1'}, {'detail': 0.87, 'tag': 'proj_1'}]",0.333,0.795,1.0,0.3,0
197,"[{'timestamp': '2020-01', 'skills': ['Deep Learning']}, {'timestamp': '2020-12', 'skills': ['Deep Learning', 'Kubernetes']}, {'timestamp': '2021-12', 'skills': ['Deep Learning', 'Kubernetes', 'NLP']}]","[{'detail': 0.697, 'tag': 'proj_1'}, {'detail': 0.616, 'tag': 'proj_1'}, {'detail': 0.819, 'tag': 'proj_1'}]",0.333,0.711,1.0,0.3,0
198,"[{'timestamp': '2020-01', 'skills': ['Deep Learning']}, {'timestamp': '2020-12', 'skills': ['Deep Learning', 'Machine Learning']}, {'timestamp': '2021-12', 'skills': ['Deep Learning', 'Machine Learning']}]","[{'detail': 0.619, 'tag': 'proj_2'}, {'detail': 0.776, 'tag': 'proj_2'}, {'detail': 0.809, 'tag': 'proj_2'}]",0.5,0.735,1.0,1.0,0
199,"[{'timestamp': '2020-01', 'skills': ['Docker']}, {'timestamp': '2020-12', 'skills': ['Docker', 'Deep Learning']}, {'timestamp': '2021-12', 'skills': ['Machine Learning', 'Python', 'Docker', 'Deep Learning', 'Kubernetes', 'NLP']}]","[{'detail': 0.373, 'tag': 'proj_1'}, {'detail': 0.256, 'tag': 'proj_5'}, {'detail': 0.441, 'tag': 'proj_5'}]",0.667,0.357,0.3,0.3,1
